sku_sugerido,nome_produto,grupo,subgrupo,categoria_operacional,linha_colecao,codigo_fornecedor_ou_heroes,descricao_comercial_curta,descricao_comercial_longa,esporte,tipo_produto,status_produto,pais_origem,unidade_medida,ncm,descricao_fiscal,peso_kg,comprimento_cm,largura_cm,altura_cm,volume_m3,data_lancamento,fornecedor_padrao,moeda_padrao,preco_referencia,url_foto_principal,urls_fotos_adicionais,url_produto,fonte_principal,fontes_secundarias,nivel_confianca,observacoes
HEROES-ACC-BOLA-BT-ITF,Pallina da Beach Tennis X50 APPROVATA ITF,ACESSORIOS,BOLA,CONSUMIVEL,,,Bola de Beach Tennis Heroes Aprovada ITF (caixa 50 un),"Bola oficial de Beach Tennis Heroes, aprovada pela ITF. Embalagem com 50 unidades.",BEACH TENNIS,BOLA,UNKNOWN,ITALIA,CX,,,,,,,,,HEROES BRAND SPORT,EUR,105.00,,,https://www.heroesbrandsport.com/shop/,heroesbrandsport.com (site oficial IT),,MEDIUM,Out of stock. Confirmar se é produto de importação regular ou sob pedido.
HEROES-ACC-THUNDERFIERCE,Thunder FIERCE,ACESSORIOS,BOLSA / RAQUETEIRA,RAQUETEIRA,,,Raqueteira Heroes Thunder FIERCE,"Bolsa/raqueteira Heroes linha Thunder, edição FIERCE.",BEACH TENNIS / PADEL,BOLSA,ACTIVE,ITALIA,UN,,,,,,,,,HEROES BRAND SPORT,EUR,125.00,,,https://www.heroesbrandsport.com/shop/,heroesbrandsport.com (site oficial IT),,HIGH,
HEROES-ACC-THUNDERREBEL,Thunder REBEL,ACESSORIOS,BOLSA / RAQUETEIRA,RAQUETEIRA,,,Raqueteira Heroes Thunder REBEL,"Bolsa/raqueteira Heroes linha Thunder, edição REBEL.",BEACH TENNIS / PADEL,BOLSA,ACTIVE,ITALIA,UN,,,,,,,,,HEROES BRAND SPORT,EUR,125.00,,,https://www.heroesbrandsport.com/shop/,heroesbrandsport.com (site oficial IT),,HIGH,
HEROES-ACC-THUNDERROWAN,Thunder ROWAN,ACESSORIOS,BOLSA / RAQUETEIRA,RAQUETEIRA,,,Raqueteira Heroes Thunder ROWAN,"Bolsa/raqueteira Heroes linha Thunder, edição ROWAN.",BEACH TENNIS / PADEL,BOLSA,ACTIVE,ITALIA,UN,,,,,,,,,HEROES BRAND SPORT,EUR,125.00,,,https://www.heroesbrandsport.com/shop/,heroesbrandsport.com (site oficial IT),,HIGH,
HEROES-ACC-THUNDERSHOW,Thunder SHOW,ACESSORIOS,BOLSA / RAQUETEIRA,RAQUETEIRA,,,Raqueteira Heroes Thunder SHOW,"Bolsa/raqueteira Heroes linha Thunder, edição SHOW.",BEACH TENNIS / PADEL,BOLSA,ACTIVE,ITALIA,UN,,,,,,,,,HEROES BRAND SPORT,EUR,125.00,,,https://www.heroesbrandsport.com/shop/,heroesbrandsport.com (site oficial IT),,HIGH,Ano não explicitado no site.
HEROES-ACC-THUNDERSTARLIGHT,Thunder STARLIGHT,ACESSORIOS,BOLSA / RAQUETEIRA,RAQUETEIRA,,,Raqueteira Heroes Thunder STARLIGHT,"Bolsa/raqueteira Heroes linha Thunder, edição STARLIGHT.",BEACH TENNIS / PADEL,BOLSA,ACTIVE,ITALIA,UN,,,,,,,,,HEROES BRAND SPORT,EUR,125.00,,,https://www.heroesbrandsport.com/shop/,heroesbrandsport.com (site oficial IT),,HIGH,
HEROES-ACC-THUNDERARION-2026,Thunder ARION 2026,ACESSORIOS,BOLSA / RAQUETEIRA,RAQUETEIRA,2026,,Raqueteira Heroes Thunder ARION 2026,"Bolsa/raqueteira Heroes linha Thunder, edição ARION 2026.",BEACH TENNIS / PADEL,BOLSA,ACTIVE,ITALIA,UN,,,,,,,,2026,HEROES BRAND SPORT,EUR,125.00,,,https://www.heroesbrandsport.com/shop/,heroesbrandsport.com (site oficial IT),,HIGH,SKU sugerido. Linha Thunder = bolsa premium.
HEROES-ACC-OLYMPIATRAVELBAG-2026,Travel Bag OLYMPIA 2026,ACESSORIOS,BOLSA DE VIAGEM,BOLSA VIAGEM,2026,,Bolsa de Viagem Heroes OLYMPIA 2026,Bolsa de viagem esportiva Heroes Travel Bag OLYMPIA 2026.,BEACH TENNIS / PADEL,BOLSA VIAGEM,ACTIVE,ITALIA,UN,,,,,,,,2026,HEROES BRAND SPORT,EUR,95.00,,,https://www.heroesbrandsport.com/shop/,heroesbrandsport.com (site oficial IT),"torodoro.com.br (Olympia Travel Bag 2025 Verde R$845,50); https://www.heroesbrandsport.com/categoria-prodotto/beachwear/",HIGH,OLYMPIA confirmado internamente. Confirmar versões Verde e outras cores. Complementado com arquivo JSON anexo/Perplexity; validar campos técnicos antes de uso fiscal/logístico.
HEROES-ACC-GRAVITY-REBEL,Gravity REBEL,ACESSORIOS,BOLSAS E MOCHILAS,ACESSORIO,,,Produto Heroes Gravity REBEL.,Produto Heroes Gravity REBEL. Incluído a partir de pesquisa no shop oficial Heroe's Brand Sport.,BEACH TENNIS / PADEL,BOLSA/MOCHILA,ACTIVE,,UN,,,,,,,,,,EUR,105.00,,,https://www.heroesbrandsport.com/shop/,heroesbrandsport.com/shop (site oficial IT),,HIGH,"Incluído por pesquisa web oficial. Oficial. Confirmar SKU oficial, variantes, fotos, NCM e dimensões antes do uso fiscal/logístico."
HEROES-ACC-GRAVITY-ROWAN,Gravity ROWAN,ACESSORIOS,BOLSAS E MOCHILAS,ACESSORIO,,,Produto Heroes Gravity ROWAN.,Produto Heroes Gravity ROWAN. Incluído a partir de pesquisa no shop oficial Heroe's Brand Sport.,BEACH TENNIS / PADEL,BOLSA/MOCHILA,ACTIVE,,UN,,,,,,,,,,EUR,95.00,,,https://www.heroesbrandsport.com/shop/,heroesbrandsport.com/shop (site oficial IT),,HIGH,"Incluído por pesquisa web oficial. Oficial. Confirmar SKU oficial, variantes, fotos, NCM e dimensões antes do uso fiscal/logístico."
HEROES-ACC-GRAVITY-SHOW,Gravity SHOW,ACESSORIOS,BOLSAS E MOCHILAS,ACESSORIO,,,Produto Heroes Gravity SHOW.,Produto Heroes Gravity SHOW. Incluído a partir de pesquisa no shop oficial Heroe's Brand Sport.,BEACH TENNIS / PADEL,BOLSA/MOCHILA,ACTIVE,,UN,,,,,,,,,,EUR,95.00,,,https://www.heroesbrandsport.com/shop/,heroesbrandsport.com/shop (site oficial IT),,HIGH,"Incluído por pesquisa web oficial. Oficial. Confirmar SKU oficial, variantes, fotos, NCM e dimensões antes do uso fiscal/logístico."
HEROES-ACC-GRAVITY-ATLAS-2025,2025 Gravity ATLAS,ACESSORIOS,BOLSAS E MOCHILAS,ACESSORIO,2025,,Produto Heroes 2025 Gravity ATLAS.,Produto Heroes 2025 Gravity ATLAS. Incluído a partir de pesquisa no shop oficial Heroe's Brand Sport.,BEACH TENNIS / PADEL,BOLSA/MOCHILA,ACTIVE,,UN,,,,,,,,,,EUR,99.00,,,https://www.heroesbrandsport.com/shop/,heroesbrandsport.com/shop (site oficial IT),,HIGH,"Incluído por pesquisa web oficial. Oficial. Confirmar SKU oficial, variantes, fotos, NCM e dimensões antes do uso fiscal/logístico."
HEROES-ACC-GRAVITY-ELETTRA-2025,2025 Gravity ELETTRA,ACESSORIOS,BOLSAS E MOCHILAS,ACESSORIO,2025,,Produto Heroes 2025 Gravity ELETTRA.,Produto Heroes 2025 Gravity ELETTRA. Incluído a partir de pesquisa no shop oficial Heroe's Brand Sport.,BEACH TENNIS / PADEL,BOLSA/MOCHILA,ACTIVE,,UN,,,,,,,,,,EUR,105.00,,,https://www.heroesbrandsport.com/shop/,heroesbrandsport.com/shop (site oficial IT),,HIGH,"Incluído por pesquisa web oficial. Oficial. Confirmar SKU oficial, variantes, fotos, NCM e dimensões antes do uso fiscal/logístico."
HEROES-ACC-GRAVITY-FUTURA-2025,2025 Gravity FUTURA,ACESSORIOS,BOLSAS E MOCHILAS,ACESSORIO,2025,,Produto Heroes 2025 Gravity FUTURA.,Produto Heroes 2025 Gravity FUTURA. Incluído a partir de pesquisa no shop oficial Heroe's Brand Sport.,BEACH TENNIS / PADEL,BOLSA/MOCHILA,DISCONTINUED,,UN,,,,,,,,,,EUR,90.00,,,https://www.heroesbrandsport.com/shop/,heroesbrandsport.com/shop (site oficial IT),,HIGH,"Incluído por pesquisa web oficial. Oficial; Saldi. Confirmar SKU oficial, variantes, fotos, NCM e dimensões antes do uso fiscal/logístico."
HEROES-ACC-GRAVITY-HORIZONT-2025,2025 Gravity HORIZONT,ACESSORIOS,BOLSAS E MOCHILAS,ACESSORIO,2025,,Produto Heroes 2025 Gravity HORIZONT.,Produto Heroes 2025 Gravity HORIZONT. Incluído a partir de pesquisa no shop oficial Heroe's Brand Sport.,BEACH TENNIS / PADEL,BOLSA/MOCHILA,ACTIVE,,UN,,,,,,,,,,EUR,90.00,,,https://www.heroesbrandsport.com/shop/,heroesbrandsport.com/shop (site oficial IT),,HIGH,"Incluído por pesquisa web oficial. Oficial. Confirmar SKU oficial, variantes, fotos, NCM e dimensões antes do uso fiscal/logístico."
HEROES-ACC-GRAVITY-LEAF-2025,2025 Gravity LEAF,ACESSORIOS,BOLSAS E MOCHILAS,ACESSORIO,2025,,Produto Heroes 2025 Gravity LEAF.,Produto Heroes 2025 Gravity LEAF. Incluído a partir de pesquisa no shop oficial Heroe's Brand Sport.,BEACH TENNIS / PADEL,BOLSA/MOCHILA,DISCONTINUED,,UN,,,,,,,,,,EUR,99.00,,,https://www.heroesbrandsport.com/shop/,heroesbrandsport.com/shop (site oficial IT),,HIGH,"Incluído por pesquisa web oficial. Oficial; Esaurito. Confirmar SKU oficial, variantes, fotos, NCM e dimensões antes do uso fiscal/logístico."
HEROES-ACC-THUNDER-ATLAS-2025,2025 Thunder ATLAS,ACESSORIOS,BOLSAS E MOCHILAS,ACESSORIO,2025,,Produto Heroes 2025 Thunder ATLAS.,Produto Heroes 2025 Thunder ATLAS. Incluído a partir de pesquisa no shop oficial Heroe's Brand Sport.,BEACH TENNIS / PADEL,BOLSA/MOCHILA,ACTIVE,,UN,,,,,,,,,,EUR,120.00,,,https://www.heroesbrandsport.com/shop/,heroesbrandsport.com/shop (site oficial IT),,HIGH,"Incluído por pesquisa web oficial. Oficial. Confirmar SKU oficial, variantes, fotos, NCM e dimensões antes do uso fiscal/logístico."
HEROES-ACC-THUNDER-FUTURA-2025,2025 Thunder FUTURA,ACESSORIOS,BOLSAS E MOCHILAS,ACESSORIO,2025,,Produto Heroes 2025 Thunder FUTURA.,Produto Heroes 2025 Thunder FUTURA. Incluído a partir de pesquisa no shop oficial Heroe's Brand Sport.,BEACH TENNIS / PADEL,BOLSA/MOCHILA,ACTIVE,,UN,,,,,,,,,,EUR,120.00,,,https://www.heroesbrandsport.com/shop/,heroesbrandsport.com/shop (site oficial IT),,HIGH,"Incluído por pesquisa web oficial. Oficial. Confirmar SKU oficial, variantes, fotos, NCM e dimensões antes do uso fiscal/logístico."
HEROES-ACC-THUNDER-HORIZONT-2025,2025 Thunder HORIZONT,ACESSORIOS,BOLSAS E MOCHILAS,ACESSORIO,2025,,Produto Heroes 2025 Thunder HORIZONT.,Produto Heroes 2025 Thunder HORIZONT. Incluído a partir de pesquisa no shop oficial Heroe's Brand Sport.,BEACH TENNIS / PADEL,BOLSA/MOCHILA,ACTIVE,,UN,,,,,,,,,,EUR,120.00,,,https://www.heroesbrandsport.com/shop/,heroesbrandsport.com/shop (site oficial IT),,HIGH,"Incluído por pesquisa web oficial. Oficial. Confirmar SKU oficial, variantes, fotos, NCM e dimensões antes do uso fiscal/logístico."
HEROES-ACC-HEADBANDFIERCE,Fascia #HEADWOW FIERCE,ACESSORIOS,FAIXA DE CABECA,ACESSORIO VESTUARIO,,,Faixa de Cabeça Heroes HEADWOW FIERCE,Faixa de cabeça esportiva Heroes coleção FIERCE.,BEACH TENNIS / PADEL,ACESSORIO,ACTIVE,ITALIA,UN,,,,,,,,,HEROES BRAND SPORT,EUR,25.00,,,https://www.heroesbrandsport.com/shop/,heroesbrandsport.com (site oficial IT),,HIGH,SKU sugerido.
HEROES-ACC-SMALLTROLLEYBABYLON,Small Trolley #BABYLON,ACESSORIOS,MALA COM RODAS,MALA,,,Mala com Rodas Heroes BABYLON,Mala esportiva pequena com rodas Heroes #BABYLON.,BEACH TENNIS / PADEL,MALA,ACTIVE,ITALIA,UN,,,,,,,,,HEROES BRAND SPORT,EUR,135.00,,,https://www.heroesbrandsport.com/shop/,heroesbrandsport.com (site oficial IT),"torodoro.com.br (R$1.299,90)",HIGH,SKU sugerido.
HEROES-ACC-MEIAPADEL-PROTEAM,Calza da padel #PROTEAM,ACESSORIOS,MEIA ESPORTIVA,ACESSORIO VESTUARIO,,,Meia de Padel Heroes PROTEAM,Meia esportiva de padel Heroes linha PROTEAM.,PADEL,MEIA,ACTIVE,ITALIA,PAR,,,,,,,,,HEROES BRAND SPORT,EUR,18.00,,,https://www.heroesbrandsport.com/shop/,heroesbrandsport.com (site oficial IT),,HIGH,SKU sugerido.
HEROES-ACC-GRAVITYFIERCE,Gravity FIERCE,ACESSORIOS,MOCHILA RAQUETEIRA,MOCHILA,,,Mochila Raqueteira Heroes Gravity FIERCE,"Mochila raqueteira Heroes linha Gravity, edição FIERCE.",BEACH TENNIS / PADEL,MOCHILA,ACTIVE,ITALIA,UN,,,,,,,,,HEROES BRAND SPORT,EUR,95.00,,,https://www.heroesbrandsport.com/shop/,heroesbrandsport.com (site oficial IT),,HIGH,SKU corrigido de GRAVITYFERCE para GRAVITYFIERCE.
HEROES-ACC-OLYMPIABACKPACK-2025,Backpack OLYMPIA 2025,ACESSORIOS,MOCHILA RAQUETEIRA,MOCHILA,2025,,Mochila Raqueteira Heroes OLYMPIA 2025,Mochila raqueteira Heroes Backpack OLYMPIA 2025.,BEACH TENNIS / PADEL,MOCHILA,ACTIVE,ITALIA,UN,,,,,,,,2025,HEROES BRAND SPORT,EUR,60.00,,,https://www.heroesbrandsport.com/shop/,heroesbrandsport.com (site oficial IT),"torodoro.com.br (Olympia Backpack 2025 Verde R$855,50); https://www.heroesbrandsport.com/shop/",HIGH,OLYMPIA confirmado internamente. Possível inconsistência de preço EUR vs BRL – validar. Complementado com arquivo JSON anexo/Perplexity; validar campos técnicos antes de uso fiscal/logístico.
HEROES-ACC-GRAVITYARION-2026,Gravity ARION 2026,ACESSORIOS,MOCHILA RAQUETEIRA,MOCHILA,2026,,Mochila Raqueteira Heroes Gravity ARION 2026,"Mochila raqueteira Heroes linha Gravity, edição ARION 2026.",BEACH TENNIS / PADEL,MOCHILA,ACTIVE,ITALIA,UN,,,,,,,,2026,HEROES BRAND SPORT,EUR,105.00,,,https://www.heroesbrandsport.com/shop/,heroesbrandsport.com (site oficial IT),"torodoro.com.br (Gravity Atlas 2025 Branca R$745,50)",HIGH,Linha Gravity = mochilas. Confirmar distinção Gravity vs Thunder.
HEROES-ACC-GRAVITYSTARLIGHT-2026,Gravity STARLIGHT 2026,ACESSORIOS,MOCHILA RAQUETEIRA,MOCHILA,2026,,Mochila Raqueteira Heroes Gravity STARLIGHT 2026,"Mochila raqueteira Heroes linha Gravity, edição STARLIGHT 2026.",BEACH TENNIS / PADEL,MOCHILA,ACTIVE,ITALIA,UN,,,,,,,,2026,HEROES BRAND SPORT,EUR,105.00,,,https://www.heroesbrandsport.com/shop/,heroesbrandsport.com (site oficial IT),,HIGH,SKU sugerido.
HEROES-ACC-OVERGRIP60-WHITE,Overgrip 60 pz H Level White,ACESSORIOS,OVERGRIP,CONSUMIVEL,,,Overgrip Heroes H Level Branco (60 unidades),Pacote com 60 overgrips Heroes H Level cor branca.,BEACH TENNIS / PADEL,OVERGRIP,ACTIVE,ITALIA,PCT,,,,,,,,,HEROES BRAND SPORT,EUR,105.00,,,https://www.heroesbrandsport.com/shop/,heroesbrandsport.com (site oficial IT),,HIGH,PCT = pacote. Confirmar embalagem unitária para fins de importação.
HEROES-ACC-OVERGRIP60-MIXED,Overgrip 60 pz H.L. Mixed Colors,ACESSORIOS,OVERGRIP,CONSUMIVEL,,,Overgrip Heroes H Level Mixed Colors (60 unidades),Pacote com 60 overgrips Heroes H Level cores sortidas.,BEACH TENNIS / PADEL,OVERGRIP,ACTIVE,ITALIA,PCT,,,,,,,,,HEROES BRAND SPORT,EUR,105.00,,,https://www.heroesbrandsport.com/shop/,heroesbrandsport.com (site oficial IT),,HIGH,SKU sugerido.
HEROES-ACC-RETEPICKLEBALL,Rete da Pickleball,ACESSORIOS,REDE,EQUIPAMENTO,,,Rede de Pickleball Heroes,Rede oficial de Pickleball Heroes. Disponível em duas variantes de preço.,PICKLEBALL,REDE,ACTIVE,ITALIA,UN,,,,,,,,,HEROES BRAND SPORT,EUR,125.00-135.00,,,https://www.heroesbrandsport.com/shop/,heroesbrandsport.com (site oficial IT),,HIGH,Duas faixas de preço – confirmar se são dois modelos distintos ou variante.
HEROES-BT-ISON-2023,#ISON 2023,RAQUETES,RAQUETE BEACH TENNIS,RAQUETE,2023,,Raquete de Beach Tennis Heroes ISON 2023 (em liquidação),Raquete de Beach Tennis Heroes #ISON linha 2023. Em saldo no site oficial italiano.,BEACH TENNIS,RAQUETE,DISCONTINUED,ITALIA,UN,,,,,,,,2023,HEROES BRAND SPORT,EUR,"190.00 (sale, original 290.00)",,,https://www.heroesbrandsport.com/shop/,heroesbrandsport.com (site oficial IT),,HIGH,Descontinuado. Avaliar se Epic precisa cadastrar versões antigas.
HEROES-BT-KEPLER-2023,#KEPLER 2023,RAQUETES,RAQUETE BEACH TENNIS,RAQUETE,2023,,Raquete de Beach Tennis Heroes KEPLER 2023,Raquete de Beach Tennis Heroes #KEPLER 2023. Em liquidação profunda.,BEACH TENNIS,RAQUETE,DISCONTINUED,ITALIA,UN,,,,,,,,2023,HEROES BRAND SPORT,EUR,"90.00 (sale, original 245.00)",,,https://www.heroesbrandsport.com/shop/,heroesbrandsport.com (site oficial IT),,HIGH,Descontinuado. Liquidação avançada.
HEROES-BT-REBEL-2023,#REBEL 2023,RAQUETES,RAQUETE BEACH TENNIS,RAQUETE,2023,,Raquete de Beach Tennis Heroes REBEL 2023,Raquete de Beach Tennis Heroes #REBEL 2023. Em saldo.,BEACH TENNIS,RAQUETE,DISCONTINUED,ITALIA,UN,,,,,,,,2023,HEROES BRAND SPORT,EUR,"190.00 (sale, original 295.00)",,,https://www.heroesbrandsport.com/shop/,heroesbrandsport.com (site oficial IT),"torodoro.com.br (R$2.444,00)",HIGH,Descontinuado. Torodoro ainda apresenta estoque.
HEROES-BT-HARLEY-2024,#HARLEY 2024,RAQUETES,RAQUETE BEACH TENNIS,RAQUETE,2024,,Raquete de Beach Tennis Heroes HARLEY 2024,Raquete de Beach Tennis Heroes #HARLEY PRO ZERO 2024. Listada nos sites BR e IT.,BEACH TENNIS,RAQUETE,DISCONTINUED,ITALIA,UN,,,,,,,,2024,HEROES BRAND SPORT,BRL,"R$1.390,00 (loja BR, sale)",,,https://heroesbrandbrasil.com.br,heroesbrandbrasil.com.br (site oficial BR),heroesbrandsport.com (sale 139.00-179.00 EUR); torodoro.com.br,HIGH,Descontinuado. Versão 'PRO ZERO' mencionada no site BR.
HEROES-BT-REVENGE-2024,#REVENGE 2024,RAQUETES,RAQUETE BEACH TENNIS,RAQUETE,2024,,Raquete de Beach Tennis Heroes REVENGE 2024 PRO ZERO,Raquete de Beach Tennis Heroes #REVENGE PRO ZERO 2024. Referenciada no site BR.,BEACH TENNIS,RAQUETE,DISCONTINUED,ITALIA,UN,,,,,,,,2024,HEROES BRAND SPORT,BRL,"R$2.900,00 (de R$3.290,00)",,,https://heroesbrandbrasil.com.br,heroesbrandbrasil.com.br (site oficial BR),heroesbrandsport.com (2023 REVENGE sale 145.00 EUR),HIGH,Versão 2023 em saldo no IT. Versão 2024 no site BR. Confirmar se são SKUs distintos.
HEROES-BT-CEU-2024,2024 #CEU,RAQUETES,RAQUETE BEACH TENNIS,RAQUETE,2024,,Produto Heroes 2024 #CEU.,Produto Heroes 2024 #CEU. Incluído a partir de pesquisa no shop oficial Heroe's Brand Sport.,BEACH TENNIS,RAQUETE,DISCONTINUED,,UN,,,,,,,,,,EUR,230.00 - 270.00,,,https://www.heroesbrandsport.com/shop/,heroesbrandsport.com/shop (site oficial IT),,HIGH,"Incluído por pesquisa web oficial. Oficial. Confirmar SKU oficial, variantes, fotos, NCM e dimensões antes do uso fiscal/logístico."
HEROES-BT-COACH-2025,#COACH 2025,RAQUETES,RAQUETE BEACH TENNIS,RAQUETE,2025,,Raquete de Beach Tennis Heroes COACH 2025,Raquete de Beach Tennis Heroes #COACH 2025. Em promoção.,BEACH TENNIS,RAQUETE,DISCONTINUED,ITALIA,UN,,,,,,,,2025,HEROES BRAND SPORT,EUR,260.00-300.00 (sale),,,https://www.heroesbrandsport.com/shop/,heroesbrandsport.com (site oficial IT),"torodoro.com.br (R$2.445,50)",HIGH,Sale no site IT. Confirmado em loja BR.
HEROES-BT-HARLEY-2025,#HARLEY 2025,RAQUETES,RAQUETE BEACH TENNIS,RAQUETE,2025,,Raquete de Beach Tennis Heroes HARLEY 2025,Raquete de Beach Tennis Heroes #HARLEY 2025.,BEACH TENNIS,RAQUETE,DISCONTINUED,ITALIA,UN,,,,,,,,2025,HEROES BRAND SPORT,EUR,220.00-250.00 (sale),,,https://www.heroesbrandsport.com/shop/,heroesbrandsport.com (site oficial IT),,HIGH,Out of stock + sale 2025.
HEROES-BT-ISON-2025,#ISON 2025,RAQUETES,RAQUETE BEACH TENNIS,RAQUETE,2025,HER-25-ISON,Raquete de Beach Tennis Heroes ISON 2025,Raquete de Beach Tennis Heroes #ISON linha 2025. Confirmado também no site BR como ISON 2024 PRO ZERO.,BEACH TENNIS,RAQUETE,DISCONTINUED,ITALIA,UN,,,0.325,50,,2,,2025,HEROES BRAND SPORT,EUR,290.00-330.00,,,https://www.heroesbrandsport.com/shop/,heroesbrandsport.com (site oficial IT),heroesbrandbrasil.com.br (ISON 2024 PRO ZERO); https://sportlet.store/en/heroes-ison-2025-beach-tennis-racket,HIGH,Out of stock 2025. Versão 2024 PRO ZERO também referenciada no site BR. Confirmar se são SKUs distintos. Complementado com arquivo JSON anexo/Perplexity; validar campos técnicos antes de uso fiscal/logístico.
HEROES-BT-MJOLNIR-2025,#MJOLNIR 2025,RAQUETES,RAQUETE BEACH TENNIS,RAQUETE,2025,,Raquete de Beach Tennis Heroes MJOLNIR 2025,Raquete de Beach Tennis Heroes #MJOLNIR 2025. Referenciada no site BR como MJOLNIR 2024.,BEACH TENNIS,RAQUETE,DISCONTINUED,ITALIA,UN,,,,,,,,2025,HEROES BRAND SPORT,EUR,260.00-300.00,,,https://www.heroesbrandsport.com/shop/,heroesbrandsport.com (site oficial IT),"heroesbrandbrasil.com.br (MJOLNIR 2024, R$2.890,00)",HIGH,Out of stock 2025. Site BR menciona versão 2024.
HEROES-BT-SHOW-2025,#SHOW 2025,RAQUETES,RAQUETE BEACH TENNIS,RAQUETE,2025,,Raquete de Beach Tennis Heroes SHOW 2025,Raquete de Beach Tennis Heroes #SHOW linha 2025. Em liquidação.,BEACH TENNIS,RAQUETE,DISCONTINUED,ITALIA,UN,,,,,,,,2025,HEROES BRAND SPORT,EUR,300.00-340.00 (sale),,,https://www.heroesbrandsport.com/shop/,heroesbrandsport.com (site oficial IT),,HIGH,Sale + out of stock. Descontinuado.
HEROES-BT-THEBULL-2025,#THE BULL 2025,RAQUETES,RAQUETE BEACH TENNIS,RAQUETE,2025,,Raquete de Beach Tennis Heroes THE BULL 2025 (em liquidação),Raquete de Beach Tennis Heroes #THE BULL linha 2025. Em promoção no site oficial.,BEACH TENNIS,RAQUETE,DISCONTINUED,ITALIA,UN,,,,50,,,,2025,HEROES BRAND SPORT,EUR,270.00-330.00 (sale),,,https://www.heroesbrandsport.com/shop/,heroesbrandsport.com (site oficial IT),https://www.heroesbrandsport.com/shop/,HIGH,Modelo 2025 em saldo – confirmar se Epic deseja cadastrar versão descontinuada. Complementado com arquivo JSON anexo/Perplexity; validar campos técnicos antes de uso fiscal/logístico.
HEROES-BT-ARION-2026,#ARION 2026,RAQUETES,RAQUETE BEACH TENNIS,RAQUETE,2026,,Raquete de Beach Tennis Heroes ARION 2026,"Raquete de Beach Tennis Heroe's ARION 2026 com carbono forjado, Carbon 18K FORGED, Medium Black foam, balanceamento médio e desenvolvimento com André Baran; dados técnicos extraídos do shop oficial.",BEACH TENNIS,RAQUETE,ACTIVE,ITALIA,UN,,,0.325,50,30,2,0.015,2026,HEROES BRAND SPORT,EUR,365.00-405.00,,,https://www.heroesbrandsport.com/shop/2026-arion/,heroesbrandsport.com (site oficial IT),heroesbrandbrasil.com.br; https://www.heroesbrandsport.com/shop/,HIGH,"SKU sugerido. Confirmar variantes (versão/cor/peso/carbon). Produto ATIVO no site oficial 2026. Complementado com arquivo JSON anexo/Perplexity; validar campos técnicos antes de uso fiscal/logístico. ARION oficial: peso da raquete 325g +/-10g, espessura 20mm; dimensões de embalagem/peso de despacho devem ser validadas separadamente."
HEROES-BT-AURA-2026,#AURA 2026,RAQUETES,RAQUETE BEACH TENNIS,RAQUETE,2026,,Raquete de Beach Tennis Heroes AURA 2026,Raquete de Beach Tennis Heroes #AURA linha 2026. Faixa de entrada do portfólio premium.,BEACH TENNIS,RAQUETE,ACTIVE,ITALIA,UN,,,,50,,,,2026,HEROES BRAND SPORT,EUR,240.00-280.00,,,https://www.heroesbrandsport.com/shop/,heroesbrandsport.com (site oficial IT),"protenista.com.br (R$2.799,90); https://www.heroesbrandsport.com/shop/",HIGH,SKU sugerido. Confirmado em loja BR (Protenista). Confirmar variantes. Complementado com arquivo JSON anexo/Perplexity; validar campos técnicos antes de uso fiscal/logístico.
HEROES-BT-FIERCE-2026,#FIERCE 2026,RAQUETES,RAQUETE BEACH TENNIS,RAQUETE,2026,,Raquete de Beach Tennis Heroes FIERCE 2026,Raquete de Beach Tennis Heroes #FIERCE linha 2026. Produto destacado no site oficial italiano.,BEACH TENNIS,RAQUETE,ACTIVE,ITALIA,UN,,,1.9,50,30,10,0.015,2026,HEROES BRAND SPORT,EUR,365.00-405.00,,,https://www.heroesbrandsport.com/shop/,heroesbrandsport.com (site oficial IT),https://www.heroesbrandsport.com/shop/2026-fierce/,HIGH,SKU sugerido. Confirmar variantes. T-shirt homônima também existe (linha vestuário) – não confundir. Complementado com arquivo JSON anexo/Perplexity; validar campos técnicos antes de uso fiscal/logístico. Validar se peso/dimensões informados são da raquete ou da embalagem de despacho.
HEROES-BT-SHOW-2026,#SHOW 2026,RAQUETES,RAQUETE BEACH TENNIS,RAQUETE,2026,,Raquete de Beach Tennis Heroes SHOW 2026,Raquete de Beach Tennis Heroes #SHOW linha 2026. Out of stock no site oficial.,BEACH TENNIS,RAQUETE,ACTIVE,ITALIA,UN,,,,,,,,2026,HEROES BRAND SPORT,EUR,345.00-385.00,,,https://www.heroesbrandsport.com/shop/,heroesbrandsport.com (site oficial IT),torodoro.com.br,HIGH,Out of stock no site IT. Confirmar reposição para 2026.
HEROES-BT-STARLIGHTRUBY-2026,#STARLIGHT RUBY 2026,RAQUETES,RAQUETE BEACH TENNIS,RAQUETE,2026,,Raquete de Beach Tennis Heroes STARLIGHT RUBY 2026,Raquete de Beach Tennis Heroes #STARLIGHT RUBY 2026. Edição especial com variante colorida.,BEACH TENNIS,RAQUETE,ACTIVE,ITALIA,UN,,,,,,,,2026,HEROES BRAND SPORT,EUR,365.00-405.00,,,https://www.heroesbrandsport.com/shop/,heroesbrandsport.com (site oficial IT),torodoro.com.br (STARLIGHT sem Ruby),HIGH,Out of stock no site IT. Confirmar se STARLIGHT e STARLIGHT RUBY são SKUs distintos.
HEROES-BT-THEBULL-2026,#THE BULL 2026,RAQUETES,RAQUETE BEACH TENNIS,RAQUETE,2026,,Raquete de Beach Tennis Heroes THE BULL 2026,Raquete de Beach Tennis Heroes #THE BULL linha 2026.,BEACH TENNIS,RAQUETE,ACTIVE,ITALIA,UN,,,,50,,,,2026,HEROES BRAND SPORT,EUR,310.00-350.00,,,https://www.heroesbrandsport.com/shop/,heroesbrandsport.com (site oficial IT),"torodoro.com.br (R$2.445,50); https://www.heroesbrandsport.com/shop/",HIGH,SKU sugerido. Confirmar se BULL e THE BULL são o mesmo produto ou linhas distintas. Complementado com arquivo JSON anexo/Perplexity; validar campos técnicos antes de uso fiscal/logístico.
HEROES-PDL-ONE-2022,#ONE 2022,RAQUETES,RAQUETE PADEL,RAQUETE,2022,,Raquete de Padel Heroes ONE 2022 (liquidação),Raquete de Padel Heroes #ONE 2022. Em liquidação avançada.,PADEL,RAQUETE,DISCONTINUED,ITALIA,UN,,,,,,,,2022,HEROES BRAND SPORT,EUR,"55.00 (sale, original 100.00)",,,https://www.heroesbrandsport.com/shop/,heroesbrandsport.com (site oficial IT),,HIGH,Linha muito antiga. Provavelmente desnecessário para Epic – confirmar.
HEROES-PDL-PATRIOTHYPER-2025,#PATRIOT HYPER 2025,RAQUETES,RAQUETE PADEL,RAQUETE,2025,,Raquete de Padel Heroes PATRIOT HYPER 2025,Raquete de Padel Heroes #PATRIOT HYPER 2025. Em promoção.,PADEL,RAQUETE,DISCONTINUED,ITALIA,UN,,,,,,,,2025,HEROES BRAND SPORT,EUR,"220.00 (sale, original 265.00)",,,https://www.heroesbrandsport.com/shop/,heroesbrandsport.com (site oficial IT),"heroesbrandbrasil.com.br (PATRIOT HY 2024 R$2.295,00)",HIGH,Sale. Versão 2024 no site BR.
HEROES-PDL-RS2-2025,#RS2 2025,RAQUETES,RAQUETE PADEL,RAQUETE,2025,,Raquete de Padel Heroes RS2 2025,Raquete de Padel Heroes #RS2 2025.,PADEL,RAQUETE,ACTIVE,ITALIA,UN,,,,,,,,2025,HEROES BRAND SPORT,EUR,195.00,,,https://www.heroesbrandsport.com/shop/,heroesbrandsport.com (site oficial IT),,HIGH,SKU sugerido. Linha de entrada.
HEROES-PDL-RS3-2025,#RS3 2025,RAQUETES,RAQUETE PADEL,RAQUETE,2025,,Raquete de Padel Heroes RS3 2025,Raquete de Padel Heroes #RS3 2025.,PADEL,RAQUETE,ACTIVE,ITALIA,UN,,,,,,,,2025,HEROES BRAND SPORT,EUR,195.00,,,https://www.heroesbrandsport.com/shop/,heroesbrandsport.com (site oficial IT),,HIGH,SKU sugerido. Linha de entrada.
HEROES-PDL-ANIMAL-2026,#ANIMAL 2026,RAQUETES,RAQUETE PADEL,RAQUETE,2026,,Raquete de Padel Heroes ANIMAL 2026,Raquete de Padel Heroes #ANIMAL 2026.,PADEL,RAQUETE,ACTIVE,ITALIA,UN,,,,,,,,2026,HEROES BRAND SPORT,EUR,265.00,,,https://www.heroesbrandsport.com/shop/,heroesbrandsport.com (site oficial IT),,HIGH,SKU sugerido.
HEROES-PDL-BEAST-2026,#BEAST 2026,RAQUETES,RAQUETE PADEL,RAQUETE,2026,,Raquete de Padel Heroes BEAST 2026,Raquete de Padel Heroes #BEAST 2026.,PADEL,RAQUETE,ACTIVE,ITALIA,UN,,,,,,,,2026,HEROES BRAND SPORT,EUR,285.00,,,https://www.heroesbrandsport.com/shop/,heroesbrandsport.com (site oficial IT),heroesbrandbrasil.com.br (BEAST 2024),HIGH,SKU sugerido.
HEROES-PDL-KYRA-2026,#KYRA 2026,RAQUETES,RAQUETE PADEL,RAQUETE,2026,,Raquete de Padel Heroes KYRA 2026,Raquete de Padel Heroes #KYRA 2026. Out of stock.,PADEL,RAQUETE,UNKNOWN,ITALIA,UN,,,,,,,,2026,HEROES BRAND SPORT,EUR,200.00,,,https://www.heroesbrandsport.com/shop/,heroesbrandsport.com (site oficial IT),,MEDIUM,Out of stock. Pode ser produto de lançamento futuro ou descontinuado.
HEROES-PDL-MANIAC-2026,#MANIAC 2026,RAQUETES,RAQUETE PADEL,RAQUETE,2026,,Raquete de Padel Heroes MANIAC 2026,Raquete de Padel Heroes #MANIAC 2026.,PADEL,RAQUETE,ACTIVE,ITALIA,UN,,,,,,,,2026,HEROES BRAND SPORT,EUR,240.00,,,https://www.heroesbrandsport.com/shop/,heroesbrandsport.com (site oficial IT),"heroesbrandbrasil.com.br (MANIAC 2024 R$2.450,00)",HIGH,SKU sugerido.
HEROES-PDL-PREDATORAZTECA-2026,#PREDATOR AZTECA 2026,RAQUETES,RAQUETE PADEL,RAQUETE,2026,,Raquete de Padel Heroes PREDATOR AZTECA 2026,Raquete de Padel Heroes #PREDATOR AZTECA 2026. Edição especial.,PADEL,RAQUETE,ACTIVE,ITALIA,UN,,,,,,,,2026,HEROES BRAND SPORT,EUR,330.00,,,https://www.heroesbrandsport.com/shop/,heroesbrandsport.com (site oficial IT),,HIGH,SKU sugerido.
HEROES-PDL-PREDATORLTD-2026,#PREDATOR LTD 2026,RAQUETES,RAQUETE PADEL,RAQUETE,2026,,Raquete de Padel Heroes PREDATOR LTD 2026,Raquete de Padel Heroes #PREDATOR LTD edição 2026. Topo de linha.,PADEL,RAQUETE,ACTIVE,ITALIA,UN,,,,,,,,2026,HEROES BRAND SPORT,EUR,370.00,,,https://www.heroesbrandsport.com/shop/,heroesbrandsport.com (site oficial IT),heroesbrandbrasil.com.br (PREDATOR LTD HY 2024),HIGH,SKU sugerido. Confirmar se HY = Hybrid e se é variante ou modelo separado.
HEROES-PDL-RAPTOR-2026,#RAPTOR 2026,RAQUETES,RAQUETE PADEL,RAQUETE,2026,,Raquete de Padel Heroes RAPTOR 2026,Raquete de Padel Heroes #RAPTOR 2026.,PADEL,RAQUETE,ACTIVE,ITALIA,UN,,,,,,,,2026,HEROES BRAND SPORT,EUR,260.00,,,https://www.heroesbrandsport.com/shop/,heroesbrandsport.com (site oficial IT),,HIGH,SKU sugerido.
HEROES-PDL-ROWAN-2026,#ROWAN 2026,RAQUETES,RAQUETE PADEL,RAQUETE,2026,,Raquete de Padel Heroes ROWAN 2026,Raquete de Padel Heroes #ROWAN 2026.,PADEL,RAQUETE,ACTIVE,ITALIA,UN,,,,,,,,2026,HEROES BRAND SPORT,EUR,320.00,,,https://www.heroesbrandsport.com/shop/,heroesbrandsport.com (site oficial IT),heroesbrandbrasil.com.br (ROWAN HY 2024),HIGH,SKU sugerido.
HEROES-PDL-TAURUS-2026,#TAURUS 2026,RAQUETES,RAQUETE PADEL,RAQUETE,2026,,Raquete de Padel Heroes TAURUS 2026,Raquete de Padel Heroes #TAURUS 2026.,PADEL,RAQUETE,ACTIVE,ITALIA,UN,,,,,,,,2026,HEROES BRAND SPORT,EUR,290.00,,,https://www.heroesbrandsport.com/shop/,heroesbrandsport.com (site oficial IT),,HIGH,SKU sugerido. Atenção: BULL-26 mencionado internamente pode ser TAURUS ou THE BULL 2026 – validar.
HEROES-PK-CORUS-2023,PK #CORUS 2023,RAQUETES,RAQUETE PICKLEBALL,RAQUETE,2023,,Raquete de Pickleball Heroes CORUS 2023 (liquidação),Raquete de Pickleball Heroes #CORUS 2023. Em liquidação.,PICKLEBALL,RAQUETE,DISCONTINUED,ITALIA,UN,,,,,,,,2023,HEROES BRAND SPORT,EUR,"65.00 (sale, original 110.00)",,,https://www.heroesbrandsport.com/shop/,heroesbrandsport.com (site oficial IT),,HIGH,Descontinuado.
HEROES-PK-CONTROL-2026,PK #CONTROL 2026,RAQUETES,RAQUETE PICKLEBALL,RAQUETE,2026,,Raquete de Pickleball Heroes CONTROL 2026,Raquete de Pickleball Heroes #CONTROL 2026.,PICKLEBALL,RAQUETE,ACTIVE,ITALIA,UN,,,,,,,,2026,HEROES BRAND SPORT,EUR,120.00,,,https://www.heroesbrandsport.com/shop/,heroesbrandsport.com (site oficial IT),,HIGH,SKU sugerido.
HEROES-PK-DUALFORCE-2026,PK #DUAL FORCE 2026,RAQUETES,RAQUETE PICKLEBALL,RAQUETE,2026,,Raquete de Pickleball Heroes DUAL FORCE 2026,Raquete de Pickleball Heroes #DUAL FORCE 2026.,PICKLEBALL,RAQUETE,ACTIVE,ITALIA,UN,,,,,,,,2026,HEROES BRAND SPORT,EUR,140.00,,,https://www.heroesbrandsport.com/shop/,heroesbrandsport.com (site oficial IT),,HIGH,SKU sugerido.
HEROES-PK-POWER-2026,PK #POWER 2026,RAQUETES,RAQUETE PICKLEBALL,RAQUETE,2026,,Raquete de Pickleball Heroes POWER 2026,Raquete de Pickleball Heroes #POWER 2026.,PICKLEBALL,RAQUETE,ACTIVE,ITALIA,UN,,,,,,,,2026,HEROES BRAND SPORT,EUR,150.00,,,https://www.heroesbrandsport.com/shop/,heroesbrandsport.com (site oficial IT),,HIGH,SKU sugerido.
HEROES-PK-TECHNICAL-2026,PK #TECHNICAL 2026,RAQUETES,RAQUETE PICKLEBALL,RAQUETE,2026,,Raquete de Pickleball Heroes TECHNICAL 2026,Raquete de Pickleball Heroes #TECHNICAL 2026.,PICKLEBALL,RAQUETE,ACTIVE,ITALIA,UN,,,,,,,,2026,HEROES BRAND SPORT,EUR,160.00,,,https://www.heroesbrandsport.com/shop/,heroesbrandsport.com (site oficial IT),,HIGH,SKU sugerido.
HEROES-VES-BODY-DRAGON-BTWC24,Body #DRAGON BTWC24,VESTUARIO,BODY,VESTUARIO,,,Produto Heroes Body #DRAGON BTWC24.,Produto Heroes Body #DRAGON BTWC24. Incluído a partir de pesquisa no shop oficial Heroe's Brand Sport.,BEACH TENNIS / PADEL,BODY,ACTIVE,,UN,,,,,,,,,,EUR,59.00,,,https://www.heroesbrandsport.com/shop/,heroesbrandsport.com/shop (site oficial IT),,HIGH,"Incluído por pesquisa web oficial. Oficial. Confirmar SKU oficial, variantes, fotos, NCM e dimensões antes do uso fiscal/logístico."
HEROES-VES-PANTALONE-DEEP,Pantalone #DEEP,VESTUARIO,CALCA,VESTUARIO,,,Produto Heroes Pantalone #DEEP.,Produto Heroes Pantalone #DEEP. Incluído a partir de pesquisa no shop oficial Heroe's Brand Sport.,BEACH TENNIS / PADEL,CALCA,ACTIVE,,UN,,,,,,,,,,EUR,75.00,,,https://www.heroesbrandsport.com/shop/,heroesbrandsport.com/shop (site oficial IT),,HIGH,"Incluído por pesquisa web oficial. Oficial. Confirmar SKU oficial, variantes, fotos, NCM e dimensões antes do uso fiscal/logístico."
HEROES-VES-PANTALONE-ISCHIA,Pantalone #ISCHIA,VESTUARIO,CALCA,VESTUARIO,,,Produto Heroes Pantalone #ISCHIA.,Produto Heroes Pantalone #ISCHIA. Incluído a partir de pesquisa no shop oficial Heroe's Brand Sport.,BEACH TENNIS / PADEL,CALCA,ACTIVE,,UN,,,,,,,,,,EUR,75.00,,,https://www.heroesbrandsport.com/shop/,heroesbrandsport.com/shop (site oficial IT),,HIGH,"Incluído por pesquisa web oficial. Oficial. Confirmar SKU oficial, variantes, fotos, NCM e dimensões antes do uso fiscal/logístico."
HEROES-VES-PANTALONE-WAVE,Pantalone #WAVE,VESTUARIO,CALCA,VESTUARIO,,,Produto Heroes Pantalone #WAVE.,Produto Heroes Pantalone #WAVE. Incluído a partir de pesquisa no shop oficial Heroe's Brand Sport.,BEACH TENNIS / PADEL,CALCA,ACTIVE,,UN,,,,,,,,,,EUR,60.00,,,https://www.heroesbrandsport.com/shop/,heroesbrandsport.com/shop (site oficial IT),,HIGH,"Incluído por pesquisa web oficial. Oficial. Confirmar SKU oficial, variantes, fotos, NCM e dimensões antes do uso fiscal/logístico."
HEROES-VES-PANTALONE-DONNA-CAPRI,Pantalone Donna #CAPRI,VESTUARIO,CALCA,VESTUARIO,,,Produto Heroes Pantalone Donna #CAPRI.,Produto Heroes Pantalone Donna #CAPRI. Incluído a partir de pesquisa no shop oficial Heroe's Brand Sport.,BEACH TENNIS / PADEL,CALCA,ACTIVE,,UN,,,,,,,,,,EUR,75.00,,,https://www.heroesbrandsport.com/shop/,heroesbrandsport.com/shop (site oficial IT),,HIGH,"Incluído por pesquisa web oficial. Oficial. Confirmar SKU oficial, variantes, fotos, NCM e dimensões antes do uso fiscal/logístico."
HEROES-VES-PANTALONE-DONNA-CRYSTAL,Pantalone Donna #CRYSTAL,VESTUARIO,CALCA,VESTUARIO,,,Produto Heroes Pantalone Donna #CRYSTAL.,Produto Heroes Pantalone Donna #CRYSTAL. Incluído a partir de pesquisa no shop oficial Heroe's Brand Sport.,BEACH TENNIS / PADEL,CALCA,ACTIVE,,UN,,,,,,,,,,EUR,75.00,,,https://www.heroesbrandsport.com/shop/,heroesbrandsport.com/shop (site oficial IT),,HIGH,"Incluído por pesquisa web oficial. Oficial. Confirmar SKU oficial, variantes, fotos, NCM e dimensões antes do uso fiscal/logístico."
HEROES-VES-T-SHIRT-PULSE-LTD,T-shirt #PULSE LTD,VESTUARIO,CAMISETA,VESTUARIO,,,Produto Heroes T-shirt #PULSE LTD.,Produto Heroes T-shirt #PULSE LTD. Incluído a partir de pesquisa no shop oficial Heroe's Brand Sport.,BEACH TENNIS / PADEL,CAMISETA,ACTIVE,,UN,,,,,,,,,,EUR,89.00,,,https://www.heroesbrandsport.com/shop/,heroesbrandsport.com/shop (site oficial IT),,HIGH,"Incluído por pesquisa web oficial. Oficial. Confirmar SKU oficial, variantes, fotos, NCM e dimensões antes do uso fiscal/logístico."
HEROES-VES-STORMJACKET,STORM JACKET,VESTUARIO,JAQUETA,VESTUARIO,,,Jaqueta Esportiva Heroes Storm Jacket,Jaqueta esportiva técnica Heroes Storm Jacket. Unissex.,BEACH TENNIS / PADEL,JAQUETA,ACTIVE,ITALIA,UN,,,,,,,,,HEROES BRAND SPORT,EUR,69.00,,,https://www.heroesbrandsport.com/shop/,heroesbrandsport.com (site oficial IT),,HIGH,Vestuário técnico. Confirmar com Epic se linha vestuário será importada.
HEROES-VES-KAFTANO-DRAGON-BTWC24,Kaftano #DRAGON BTWC24,VESTUARIO,KAFTAN,VESTUARIO,,,Produto Heroes Kaftano #DRAGON BTWC24.,Produto Heroes Kaftano #DRAGON BTWC24. Incluído a partir de pesquisa no shop oficial Heroe's Brand Sport.,BEACH TENNIS / PADEL,KAFTAN,ACTIVE,,UN,,,,,,,,,,EUR,59.00,,,https://www.heroesbrandsport.com/shop/,heroesbrandsport.com/shop (site oficial IT),,HIGH,"Incluído por pesquisa web oficial. Oficial. Confirmar SKU oficial, variantes, fotos, NCM e dimensões antes do uso fiscal/logístico."
HEROES-VES-FELPA-ISCHIA,Felpa #ISCHIA,VESTUARIO,MOLETOM,VESTUARIO,,,Produto Heroes Felpa #ISCHIA.,Produto Heroes Felpa #ISCHIA. Incluído a partir de pesquisa no shop oficial Heroe's Brand Sport.,BEACH TENNIS / PADEL,MOLETOM,ACTIVE,,UN,,,,,,,,,,EUR,85.00,,,https://www.heroesbrandsport.com/shop/,heroesbrandsport.com/shop (site oficial IT),,HIGH,"Incluído por pesquisa web oficial. Oficial. Confirmar SKU oficial, variantes, fotos, NCM e dimensões antes do uso fiscal/logístico."
HEROES-VES-FELPA-CRYSTAL,Felpa CRYSTAL,VESTUARIO,MOLETOM,VESTUARIO,,,Produto Heroes Felpa CRYSTAL.,Produto Heroes Felpa CRYSTAL. Incluído a partir de pesquisa no shop oficial Heroe's Brand Sport.,BEACH TENNIS / PADEL,MOLETOM,ACTIVE,,UN,,,,,,,,,,EUR,85.00,,,https://www.heroesbrandsport.com/shop/,heroesbrandsport.com/shop (site oficial IT),,HIGH,"Incluído por pesquisa web oficial. Oficial. Confirmar SKU oficial, variantes, fotos, NCM e dimensões antes do uso fiscal/logístico."
HEROES-VES-FELPA-DONNA-CAPRI,Felpa Donna #CAPRI,VESTUARIO,MOLETOM,VESTUARIO,,,Produto Heroes Felpa Donna #CAPRI.,Produto Heroes Felpa Donna #CAPRI. Incluído a partir de pesquisa no shop oficial Heroe's Brand Sport.,BEACH TENNIS / PADEL,MOLETOM,ACTIVE,,UN,,,,,,,,,,EUR,85.00,,,https://www.heroesbrandsport.com/shop/,heroesbrandsport.com/shop (site oficial IT),,HIGH,"Incluído por pesquisa web oficial. Oficial. Confirmar SKU oficial, variantes, fotos, NCM e dimensões antes do uso fiscal/logístico."
HEROES-VES-FELPA-UNISEX-PURE-RED,Felpa Unisex #PURE RED,VESTUARIO,MOLETOM,VESTUARIO,,,Produto Heroes Felpa Unisex #PURE RED.,Produto Heroes Felpa Unisex #PURE RED. Incluído a partir de pesquisa no shop oficial Heroe's Brand Sport.,BEACH TENNIS / PADEL,MOLETOM,ACTIVE,,UN,,,,,,,,,,EUR,69.00,,,https://www.heroesbrandsport.com/shop/,heroesbrandsport.com/shop (site oficial IT),,HIGH,"Incluído por pesquisa web oficial. Oficial. Confirmar SKU oficial, variantes, fotos, NCM e dimensões antes do uso fiscal/logístico."
HEROES-VES-FELPA-UNISEX-PURE-WHITE,Felpa Unisex #PURE WHITE,VESTUARIO,MOLETOM,VESTUARIO,,,Produto Heroes Felpa Unisex #PURE WHITE.,Produto Heroes Felpa Unisex #PURE WHITE. Incluído a partir de pesquisa no shop oficial Heroe's Brand Sport.,BEACH TENNIS / PADEL,MOLETOM,ACTIVE,,UN,,,,,,,,,,EUR,69.00,,,https://www.heroesbrandsport.com/shop/,heroesbrandsport.com/shop (site oficial IT),,HIGH,"Incluído por pesquisa web oficial. Oficial. Confirmar SKU oficial, variantes, fotos, NCM e dimensões antes do uso fiscal/logístico."
HEROES-VES-FELPA-UNISEX-ACTIVE-INK,Felpa Unisex Active #INK,VESTUARIO,MOLETOM,VESTUARIO,,,Produto Heroes Felpa Unisex Active #INK.,Produto Heroes Felpa Unisex Active #INK. Incluído a partir de pesquisa no shop oficial Heroe's Brand Sport.,BEACH TENNIS / PADEL,MOLETOM,ACTIVE,,UN,,,,,,,,,,EUR,79.00,,,https://www.heroesbrandsport.com/shop/,heroesbrandsport.com/shop (site oficial IT),,HIGH,"Incluído por pesquisa web oficial. Oficial. Confirmar SKU oficial, variantes, fotos, NCM e dimensões antes do uso fiscal/logístico."
HEROES-VES-FELPA-UNISEX-ACTIVE-SAND,Felpa Unisex Active #SAND,VESTUARIO,MOLETOM,VESTUARIO,,,Produto Heroes Felpa Unisex Active #SAND.,Produto Heroes Felpa Unisex Active #SAND. Incluído a partir de pesquisa no shop oficial Heroe's Brand Sport.,BEACH TENNIS / PADEL,MOLETOM,ACTIVE,,UN,,,,,,,,,,EUR,79.00,,,https://www.heroesbrandsport.com/shop/,heroesbrandsport.com/shop (site oficial IT),,HIGH,"Incluído por pesquisa web oficial. Oficial. Confirmar SKU oficial, variantes, fotos, NCM e dimensões antes do uso fiscal/logístico."
HEROES-VES-FELPA-UOMO-ACTIVE-GREEN,Felpa uomo #ACTIVE GREEN,VESTUARIO,MOLETOM,VESTUARIO,,,Produto Heroes Felpa uomo #ACTIVE GREEN.,Produto Heroes Felpa uomo #ACTIVE GREEN. Incluído a partir de pesquisa no shop oficial Heroe's Brand Sport.,BEACH TENNIS / PADEL,MOLETOM,ACTIVE,,UN,,,,,,,,,,EUR,65.00,,,https://www.heroesbrandsport.com/shop/,heroesbrandsport.com/shop (site oficial IT),,HIGH,"Incluído por pesquisa web oficial. Oficial. Confirmar SKU oficial, variantes, fotos, NCM e dimensões antes do uso fiscal/logístico."
HEROES-VES-FELPA-UOMO-ACTIVE-NAVY,Felpa uomo #ACTIVE NAVY,VESTUARIO,MOLETOM,VESTUARIO,,,Produto Heroes Felpa uomo #ACTIVE NAVY.,Produto Heroes Felpa uomo #ACTIVE NAVY. Incluído a partir de pesquisa no shop oficial Heroe's Brand Sport.,BEACH TENNIS / PADEL,MOLETOM,ACTIVE,,UN,,,,,,,,,,EUR,65.00,,,https://www.heroesbrandsport.com/shop/,heroesbrandsport.com/shop (site oficial IT),,HIGH,"Incluído por pesquisa web oficial. Oficial. Confirmar SKU oficial, variantes, fotos, NCM e dimensões antes do uso fiscal/logístico."
HEROES-VES-FELPA-UOMO-ACTIVE-REBEL,Felpa uomo #ACTIVE REBEL,VESTUARIO,MOLETOM,VESTUARIO,,,Produto Heroes Felpa uomo #ACTIVE REBEL.,Produto Heroes Felpa uomo #ACTIVE REBEL. Incluído a partir de pesquisa no shop oficial Heroe's Brand Sport.,BEACH TENNIS / PADEL,MOLETOM,ACTIVE,,UN,,,,,,,,,,EUR,89.00,,,https://www.heroesbrandsport.com/shop/,heroesbrandsport.com/shop (site oficial IT),,HIGH,"Incluído por pesquisa web oficial. Oficial. Confirmar SKU oficial, variantes, fotos, NCM e dimensões antes do uso fiscal/logístico."
HEROES-VES-FELPA-UOMO-WAVE,Felpa uomo #WAVE,VESTUARIO,MOLETOM,VESTUARIO,,,Produto Heroes Felpa uomo #WAVE.,Produto Heroes Felpa uomo #WAVE. Incluído a partir de pesquisa no shop oficial Heroe's Brand Sport.,BEACH TENNIS / PADEL,MOLETOM,DISCONTINUED,,UN,,,,,,,,,,EUR,65.00,,,https://www.heroesbrandsport.com/shop/,heroesbrandsport.com/shop (site oficial IT),,HIGH,"Incluído por pesquisa web oficial. Oficial; Saldi/Esaurito. Confirmar SKU oficial, variantes, fotos, NCM e dimensões antes do uso fiscal/logístico."
HEROES-VES-CANOTTA-ALCYONE,CANOTTA #ALCYONE,VESTUARIO,REGATA,VESTUARIO,,,Produto Heroes CANOTTA #ALCYONE.,Produto Heroes CANOTTA #ALCYONE. Incluído a partir de pesquisa no shop oficial Heroe's Brand Sport.,BEACH TENNIS / PADEL,REGATA,ACTIVE,,UN,,,,,,,,,,EUR,59.00,,,https://www.heroesbrandsport.com/shop/,heroesbrandsport.com/shop (site oficial IT),,HIGH,"Incluído por pesquisa web oficial. Oficial. Confirmar SKU oficial, variantes, fotos, NCM e dimensões antes do uso fiscal/logístico."
HEROES-VES-GONNA-STARLIGHT,Gonna #STARLIGHT,VESTUARIO,SAIA,VESTUARIO,,,Produto Heroes Gonna #STARLIGHT.,Produto Heroes Gonna #STARLIGHT. Incluído a partir de pesquisa no shop oficial Heroe's Brand Sport.,BEACH TENNIS / PADEL,SAIA,DISCONTINUED,,UN,,,,,,,,,,EUR,69.00 original / 55.00 atual,,,https://www.heroesbrandsport.com/shop/,heroesbrandsport.com/shop (site oficial IT),,HIGH,"Incluído por pesquisa web oficial. Oficial; Saldi. Confirmar SKU oficial, variantes, fotos, NCM e dimensões antes do uso fiscal/logístico."
HEROES-VES-TOP-HARLEY,TOP #HARLEY,VESTUARIO,TOP,VESTUARIO,,,Produto Heroes TOP #HARLEY.,Produto Heroes TOP #HARLEY. Incluído a partir de pesquisa no shop oficial Heroe's Brand Sport.,BEACH TENNIS / PADEL,TOP,ACTIVE,,UN,,,,,,,,,,EUR,59.00,,,https://www.heroesbrandsport.com/shop/,heroesbrandsport.com/shop (site oficial IT),,HIGH,"Incluído por pesquisa web oficial. Oficial. Confirmar SKU oficial, variantes, fotos, NCM e dimensões antes do uso fiscal/logístico."
HEROES-VES-TOP-REA,TOP #REA,VESTUARIO,TOP,VESTUARIO,,,Produto Heroes TOP #REA.,Produto Heroes TOP #REA. Incluído a partir de pesquisa no shop oficial Heroe's Brand Sport.,BEACH TENNIS / PADEL,TOP,ACTIVE,,UN,,,,,,,,,,EUR,59.00,,,https://www.heroesbrandsport.com/shop/,heroesbrandsport.com/shop (site oficial IT),,HIGH,"Incluído por pesquisa web oficial. Oficial. Confirmar SKU oficial, variantes, fotos, NCM e dimensões antes do uso fiscal/logístico."
HEROES-VES-TOP-SNAKE-CON-KIT-SPILLE,TOP #SNAKE (con Kit Spille),VESTUARIO,TOP,VESTUARIO,,,Produto Heroes TOP #SNAKE (con Kit Spille).,Produto Heroes TOP #SNAKE (con Kit Spille). Incluído a partir de pesquisa no shop oficial Heroe's Brand Sport.,BEACH TENNIS / PADEL,TOP,ACTIVE,,UN,,,,,,,,,,EUR,59.00,,,https://www.heroesbrandsport.com/shop/,heroesbrandsport.com/shop (site oficial IT),,HIGH,"Incluído por pesquisa web oficial. Oficial. Confirmar SKU oficial, variantes, fotos, NCM e dimensões antes do uso fiscal/logístico."
HEROES-VES-VESTITO-MEROPE,Vestito #Merope,VESTUARIO,VESTIDO,VESTUARIO,,,Produto Heroes Vestito #Merope.,Produto Heroes Vestito #Merope. Incluído a partir de pesquisa no shop oficial Heroe's Brand Sport.,BEACH TENNIS / PADEL,VESTIDO,ACTIVE,,UN,,,,,,,,,,EUR,85.00,,,https://www.heroesbrandsport.com/shop/,heroesbrandsport.com/shop (site oficial IT),,HIGH,"Incluído por pesquisa web oficial. Oficial. Confirmar SKU oficial, variantes, fotos, NCM e dimensões antes do uso fiscal/logístico."
HEROES-VES-VESTITO-STARLIGHT,Vestito #STARLIGHT,VESTUARIO,VESTIDO,VESTUARIO,,,Produto Heroes Vestito #STARLIGHT.,Produto Heroes Vestito #STARLIGHT. Incluído a partir de pesquisa no shop oficial Heroe's Brand Sport.,BEACH TENNIS / PADEL,VESTIDO,ACTIVE,,UN,,,,,,,,,,EUR,85.00,,,https://www.heroesbrandsport.com/shop/,heroesbrandsport.com/shop (site oficial IT),,HIGH,"Incluído por pesquisa web oficial. Oficial. Confirmar SKU oficial, variantes, fotos, NCM e dimensões antes do uso fiscal/logístico."
